ID;Start time;Completion time;Email;Name;Your first name;Your family name;Your email address;"Your affiliation, if any
";"Your country (the country of your university/company, or where you carry your professional activity out)
";A few words about you (you might add the link to your web page here, or add a short bio, or leave empty!);"Which option better describes the artefact (framework, extension of a framework, MAS) that you developed?
";"Name of the artefact you developed
";"Key-phrase #1 describing your artefact
";"Key-phrase #2
";"Key-phrase #3
";"Key-phrase #4
";"Key-phrase #5
";"What you developed is (PLEASE SELECT ONE ANSWER TO SEE THE OTHER QUESTIONS IN THE FORM!)
";"Public url of the framework you developed (the framework should be available for download from there)
";Is the source code of your framework available to the community?;Are there previous versions of the framework (previous commits, or independent repositories, or similar), available to the community?;"Link to previous versions of the framework (previous commits, or  independent repositories, or similar), if any
";Under which licence is the framework shared with the community?;Does the public repo of the framework include a list of bugs with their fix history?;Are you aware of scientists/companies using the framework? If yes, may you list them with a brief explanation of the applications they developed?;"Does documentation supporting users exist? If yes, which kind?
";"Does a technical assistance support for your framework exist? If yes, may you provide the email or form to be used for obtaining assistance?
";May you list here the third party tools/libraries etc to be installed (along with a link to download them if they cannot be included in the repo) to have your framework running -- for example DB m...;Did you perform any form of testing of the framework?;"May you share the link for accessing the testing resources, if any?
";"For implementing your framework, did you follow any software engineering methodology? If yes, which one?
";"Primary paper describing the framework and/or a few lines of description of the framework: its main features, purpose, etc
";Secondary paper describing the framework, if any;If the framework is aimed at building MASs, are MASs developed using the framework publicly available to the community? If yes, it would be great if you could submit this form, and then fill it on...;Comma separated list of publicly available urls of the MAS/MASs you developed (the MASs should be available for download from there). Please note that inserting all the links in this answer makes ...;Is the source code of your MASs available to the community?;Are there previous versions of the MASs (previous commits, or independent repositories, or similar), available to the community?;"Link to previous versions of the MASs (previous commits, or  independent repositories, or similar), if any
";Under which licence is/are the MAS/MASs shared with the community?;Does the public repo of the MASs include a list of bugs with their fix history?;Name of the MAS development platform you exploited for the development of your MASs (ex: JADE, Jason, Jadex, NetLogo, AnyLogic, ....);URL of the MAS development platform you used to develop your MAS/MASs;Version of the MAS development platform you used to develop your MAS/MASs;Are you aware of scientists/companies using the MAS/MASs? If yes, may you list them with a brief explanation of the applications they developed?;"Does documentation supporting users exist? If yes, which kind?
2";"Does a technical assistance support for your MASs exist? If yes, may you provide the email or form to be used for obtaining assistance support?
";May you list here the third party tools/libraries etc to be installed (along with a link to download them if they cannot be included in the repo) to have your MAS running -- for example DB manager...;Did you perform any form of testing of the MAS?;May you share the link for accessing the testing resources, if any?;For implementing your MAS, did you follow any software engineering methodology? If yes, which one?;"Primary paper describing the MAS/MASs and/or a few lines of description of the MAS (the problem it solves, its main features, how many agent types, how many agent instances, etc)
";Secondary paper describing the MAS/MASs, if any;May we copy the code of your MAS/MASs and re-share it, without any change and acknowledging the authors and original source, in the public repository we are going to create? You will be able to re...;Public url of the add-on/extension/library you developed (it should be available for download from there);Is the source code of your add-on/extension/library available to the community?;Are there previous versions of the add-on/extension/library (previous commits, or independent repositories, or similar), available to the community?;"Link to previous versions of the add-on/extension/library (previous commits, or  independent repositories, or similar), if any
";Under which licence is the add-on/extension/library shared with the community?;Does the public repo of the add-on/extension/library include a list of bugs with their fix history?;Name of the MAS development platform extended via this add-on/extension/library (ex: JADE, Jason, Jadex, NetLogo, AnyLogic, ....);URL of the MAS development platform you extended thanks to your add-on/extension/library;Version of the MAS development platform you extended thanks to your add-on/library/extension;Are you aware of scientists/companies using the add-on/extension/library you developed? If yes, may you list them with a brief explanation of the applications they developed?;"Does documentation supporting users exist? If yes, which kind?
3";"Does a technical assistance support for your add-on/extension/library exist? If yes, may you provide the email or form to be used for obtaining assistance support?
";May you list here the third party tools/libraries etc to be installed (along with a link to download them if they cannot be included in the repo) to have your add-on/extension/library running -- f...;Did you perform some form of testing of the add-on/extension/library?;May you share the link for accessing the testing resources, if any?2;For implementing your add-on/extension/library, did you follow any software engineering methodology? If yes, which one?;"Primary paper describing the add-on/extension/library and/or a few lines of description of the contribution
";Secondary paper describing the add-on/extension/library if any;Optional comments
3;6/3/22 14:30:59;6/3/22 14:45:18;anonymous;;Pierre;DUBAILLAY;pierredubaillay@outlook.fr;;FRANCE;;Agent-based simulation (you developed a MAS, or a framework/library/add-on to simulate physical and natural phenomena);Python Intelligent Agent Framework (Piaf);"Fully written in modern Python
";Uses asynchronous programming behind the woods to power agents;Fully FIPA-compliant framework, extensible and light-weight;;;a publicly available framework for building MASs ;https://gitlab.com/ornythorinque/piaf;Yes;"Yes, available in the same repo of the current version;";;MIT;Yes;No so far;"Manuals;";No assistance except Q/A using the issue system;All dependencies are added when the software is installed. RabbitMQ (https://www.rabbitmq.com/) and/or Redis (https://redis.io/) may be required depending on the developed application.;"Yes, I performed a systematic testing following some recognized testing methodology/approach and the testing resources (test cases, etc) are available in the public repository;";https://gitlab.com/ornythorinque/piaf/-/tree/master/tests;TDD, except for the ongoing Web API (but tests will come soon);"No paper because I'm not a scientist ;)";;no;;;;;;;;;;;;;;;;;;;;;;;;;;;;;;;;;;;;;;
4;6/3/22 17:23:26;6/3/22 17:33:32;anonymous;;Maxime;MORGE;maxime.morge@univ-lille.fr;Université de Lille;France;https://pro.univ-lille.fr/en/maxime-morge/;"Agent-oriented software engineering (you developed a MAS that is the ""real"" system, for example for implementing decision support systems/solving industrial problems/implementing smart systems, or a framework/library/add-on to develop such real MASs)";SMASTA+;Scala implementation of the Extended Multi-agents Situated Task Allocation;;;;;a publicly available framework for engineering MASs ;https://gitlab.univ-lille.fr/maxime.morge/smastaplus;Yes;"Yes, in other locations (please report the link to them in the next question);";https://github.com/cristal-smac/mas4data;GNU GPL3;No;No;"Tutorials;https://gitlab.univ-lille.fr/maxime.morge/smastaplus/-/tree/master/doc/experiments;";No;See requirements and dependencies described here https://gitlab.univ-lille.fr/maxime.morge/smastaplus/;"Yes, I performed a systematic testing following some recognized testing methodology/approach and the testing resources (test cases, etc) are available in the public repository;";https://gitlab.univ-lille.fr/maxime.morge/smastaplus/-/tree/master/src/test/scala/org/smastaplus;No;Ellie Beauprez, Anne-Cécile Caron, Maxime Morge, Jean-Christophe Routier. A Multi-Agent Negotiation Strategy for Reducing the Flowtime. 13th International Conference on Agents and Artificial Intelligence, Feb 2021, Online streaming, Spain. pp.58-68.;;no;;;;;;;;;;;;;;;;;;;;;;;;;;;;;;;;;;;;;;
5;6/3/22 19:17:36;6/3/22 19:28:47;anonymous;;Lucas;Alegre;lnalegre@inf.ufrgs.br;Universidade Federal do Rio Grande do Sul (UFRGS);Brazil;https://www.inf.ufrgs.br/~lnalegre/;Agent-based simulation (you developed a MAS, or a framework/library/add-on to simulate physical and natural phenomena);SUMO-RL ;Simple interface to instantiate Reinforcement Learning environments with SUMO for Traffic Signal Control;;;;;a publicly available add-on/extension/library for an existing framework for building MASs ;;;;;;;;;;;;;;;;;;;;;;;;;;;;;;;;;;;;https://github.com/LucasAlegre/sumo-rl;Yes;"Yes, available in the same repo of the current version;";;MIT;Include GitHub issues;SUMO;https://github.com/eclipse/sumo;Supports the latest versions;In this link it is possible to check the papers that cite my library: https://scholar.google.com/scholar?oi=bibs&hl=en&cites=6462936269775000752;"Manuals;";I try to provide technical assistance via GitHub Issues on the repository;SUMO;"Yes, I performed a systematic testing following some recognized testing methodology/approach and the testing resources (test cases, etc) are available in the public repository;";https://github.com/LucasAlegre/sumo-rl/tree/master/tests;I follow the OpenAI Gym API: https://www.gymlibrary.ml/;SUMO-RL provides a simple interface to instantiate Reinforcement Learning environments with SUMO for Traffic Signal Control. Goals of this repository:  1) Provide a simple interface to work with Reinforcement Learning for Traffic Signal Control using SUMO 2) Support Multiagent RL 3) Compatibility with gym.Env and popular RL libraries such as stable-baselines3 and RLlib 4) Easy customisation: state and reward definitions are easily modifiable;;
6;6/4/22 9:56:22;6/4/22 10:11:07;anonymous;;Rem;Collier;rem.collier@ucd.ie;University College Dublin;Ireland;http://people.ucd.ie/rem.collier;"Agent-oriented software engineering (you developed a MAS that is the ""real"" system, for example for implementing decision support systems/solving industrial problems/implementing smart systems, or a framework/library/add-on to develop such real MASs)";ASTRA Programming Language;Agent Oriented Programming Language;AgentSpeak(L);TeleReactive;;;a publicly available framework for engineering MASs ;http://www.astralanguage.com;Yes;"Yes, available in the same repo of the current version;";;MIT License;Yes;No;"Manuals;";rem.collier@ucd.ie;Apache Maven;"Yes, I performed a systematic testing following some recognized testing methodology/approach and the testing resources (test cases, etc) are available in the public repository;";;In the last year, we have formalised the methodology used to follow a more Agile approach with regular sprints. Most bugs/enhancements are recorded in the Gitlab issue tracker and we try to make relatively regular releases when new issues are logged. The Gitflow branching strategy is used to manage development and CI/CD Pipelines are used to automatically push releases to Maven Central.;Reflecting on Agent Programming with AgentSpeak(L);Multiple Inheritance in AgentSpeak(L)-style programming languages;yes;;;;;;;;;;;;;;;;;;;;;;;;;;;;;;;;;;;;;;Some prototypes are available, but they are not yet at the level of maturity that would justify their addition to this repository.
7;6/4/22 10:11:11;6/4/22 10:20:23;anonymous;;Rem;Collier;rem.collier@ucd.ie;University College Dublin;Ireland;http://people.ucd.ie/rem.collier;"Agent-oriented software engineering (you developed a MAS that is the ""real"" system, for example for implementing decision support systems/solving industrial problems/implementing smart systems, or a framework/library/add-on to develop such real MASs)";Multi-Agent MicroServices (MAMS);Hypermedia Agents;Microservices Architecture;CArtAgO;;;a publicly available add-on/extension/library for an existing framework for building MASs ;;;;;;;;;;;;;;;;;;;;;;;;;;;;;;;;;;;;https://gitlab.com/mams-ucd/mams-cartago;Yes;"Yes, available in the same repo of the current version;";;MIT License;Yes;ASTRA + CArtAgO;http://www.astralanguage.com;0.3.0;In UCD, it is being used to implement a Decision Support tool for Smart Agriculture (CONSUS project), a Data Processing Pipeline for Earth Observation (CAMEO) and as part of a new Hypermedia MAS Simulation framework (ABM).;"Manuals;Examples;";rem.collier@ucd.ie / Gitlab Issue Tracker;Apache Maven /  CArtAgO / ASTRA / Apache Jena (All libraries / frameworks are managed through Maven);"Yes, I performed a systematic testing following some recognized testing methodology/approach and the testing resources (test cases, etc) are available in the public repository;";;"Rapid Prototyping initialally, but more recently we are moving to an Agile approach with regular releases based on issues logged in the Gitlab Issue Tracker; the use of the Gitflow branching strategy, and CI/CD automated releases to the Gitlab Maven Repo (we will move to maven central as the project matures)";MAMS: Multi-Agent MicroServices;Delivering Multi-agent MicroServices Using CArtAgO;
8;6/5/22 12:55:32;6/5/22 13:05:06;anonymous;;Louise;Dennis;louise.dennis@manchester.ac.uk;University of Manchester;United Kingdom;https://personalpages.manchester.ac.uk/staff/louise.dennis/;"Agent-oriented software engineering (you developed a MAS that is the ""real"" system, for example for implementing decision support systems/solving industrial problems/implementing smart systems, or a framework/library/add-on to develop such real MASs)";Model-Checking Agent Programming Languages (MCAPL) Framework;verification;beliefs-desires-intentions;model-checking;agent programming language;autonomous systems;a publicly available framework for engineering MASs ;https://autonomy-and-verification.github.io/tools/mcapl;Yes;"Yes, in other locations (please report the link to them in the next question);Yes, available in the same repo of the current version;";https://sourceforge.net/projects/mcapl/;LGPL;No;People sometimes contact me, but I don't know if anyone is using it currently (apart from my group);"Manuals;Tutorials;Book currently with publisher;";louise.dennis@manchester.ac.uk;JavaPathfinder, Junit, ANTLR, EIS, JPL;"Yes, I performed a systematic testing following some recognized testing methodology/approach and the testing resources (test cases, etc) are available in the public repository;";;;Louise A. Dennis. The MCAPL Framework including the Agent Infrastructure Layer and Agent Java Pathfinder. Journal of Open Source Software, 3(24), 617, 2018. DOI: 10.31105/joss.00617;Louise A. Dennis, Michael Fisher, Nicholas K. Lincoln, Alexei Lisitsa, Sandor M. Veres. Practical Verification of Decision-Making in Agent-Based Autonomous Systems . Automated Software Engineering 23(3), 305-359, 2016. DOI: 10.1007/s10515-014-0168-9.;Lots of examples in the examples folder of the repository;;;;;;;;;;;;;;;;;;;;;;;;;;;;;;;;;;;;;;
9;6/6/22 11:09:09;6/6/22 11:43:43;anonymous;;Damian;Kurpiewski;d.kurpiewski@ipipan.waw.pl;Institute of Computer Science, Polish Academy of Sciences;Poland;https://blackbat13.github.io/index-en.html;Verifier for the MAS systems.;STV: StraTegic Verifier;formal verification;alternating-time temporal logic verification;incomplete information;partial-order reductions;assume-guarantee verification;a publicly available framework for engineering MASs ;http://stv.cs-htiew.com/;Yes;"Yes, in other locations (please report the link to them in the next question);";https://github.com/blackbat13/stv;MIT;No;We are aware of a few PhD students using our tool to develop new models and verification algorithms for various logics.;"Manuals;Videos;";d.kurpiewski@ipipan.waw.pl;;"Yes, I performed some testing but no testing resources exist;";;;https://arxiv.org/pdf/2203.01033.pdf;https://www.ifaamas.org/Proceedings/aamas2021/pdfs/p1770.pdf;yes;;;;;;;;;;;;;;;;;;;;;;;;;;;;;;;;;;;;;;The framework is not aimed at building MAS, but at verifying them. On the other hand, the tool supports simple input language used to specify MAS. Some examples can be found at https://github.com/blackbat13/stv/tree/master/gui/examples
10;6/7/22 10:57:42;6/7/22 11:25:23;anonymous;;Muhammad;Najib;mnajeep@gmail.com;TU Kaiserslautern;Germany;I’m a postdoctoral researcher at TU Kaiserslautern, Germany. My current research is in the use of formal techniques for verifying and reasoning about systems composed of multiple self-interested intelligent agents. It combines approaches from formal verification, logic, automata theory, and game theory. Personal webpage: https://valvestate.github.io/;Verification and synthesis tool for MAS;Equilibrium Verification Environment (EVE);Nash Equilibrium;Game Theory;Verification;Temporal Logic;Synthesis;a publicly available framework for engineering MASs ;https://github.com/eve-mas/eve-parity;Yes;"No;";;GPL-3.0 license;Yes;No;"Manuals;";mnajeep@gmail.com;OPAM (https://opam.ocaml.org/doc/Install.html), Cairo (https://cairographics.org/download/), IGraph (http://igraph.org/python/), PGSolver (https://github.com/tcsprojects/pgsolver), LTL2BA (http://www.lsv.fr/~gastin/ltl2ba/);"Yes, I performed some experiments and the resources are available in the public repo. The results of the experiments are reported in the paper: https://doi.org/10.1016/j.artint.2020.103353;";https://github.com/eve-mas/eve-parity;;Julian Gutierrez, Muhammad Najib, Giuseppe Perelli, Michael Wooldridge, Automated temporal equilibrium analysis: Verification and synthesis of multi-player games, Artificial Intelligence, Volume 287, 2020, 103353, ISSN 0004-3702, https://doi.org/10.1016/j.artint.2020.103353.;Julian Gutierrez, Muhammad Najib, Giuseppe Perelli, Michael Wooldridge, EVE: A Tool for Temporal Equilibrium Analysis. Automated Technology for Verification and Analysis. ATVA 2018. https://doi.org/10.1007/978-3-030-01090-4_35;no;;;;;;;;;;;;;;;;;;;;;;;;;;;;;;;;;;;;;;
11;6/8/22 11:08:21;6/8/22 11:44:38;anonymous;;Rafael;Cardoso;rafael.cardoso@abdn.ac.uk;University of Aberdeen;United Kingdom;https://rafaelcaue.github.io/;Extension for existing programming languages (Jason and Gwendolen);ROS-A ;An Interface for Programming Verifiable Autonomous Agents in ROS;High-level decision-making with rational agents in robotic applications;BDI-based agents in robotic systems developed using ROS;;;a publicly available add-on/extension/library for an existing framework for building MASs ;;;;;;;;;;;;;;;;;;;;;;;;;;;;;;;;;;;;Jason: https://github.com/rafaelcaue/jason-rosbridge  Gwendolen: https://github.com/autonomy-and-verification-uol/gwendolen-rosbridge;Yes;"Yes, available in the same repo of the current version;";;GNU GENERAL PUBLIC LICENSE;No;Jason, and Gwendolen;"Jason: http://jason.sourceforge.net/wp/
Gwedolen: https://github.com/mcapl/mcapl";Jason (any version) and Gwendolen (any version);No;"Paper, https://link.springer.com/chapter/10.1007/978-3-030-66412-1_13;";Yes, through Github repository issues;Besides the agent programming language, ROS is also necessary (any version);"Yes, I performed a systematic testing following some recognized testing methodology/approach but no testing resources exist;";;;https://link.springer.com/chapter/10.1007/978-3-030-66412-1_13;;
12;6/8/22 16:53:23;6/8/22 17:03:06;anonymous;;Pietro;Terna;pietro.terna@unito.it;University of Torino, retired professor;Italy;Former professor of Economics, see https://terna.to.it;Agent-based simulation (you developed a MAS, or a framework/library/add-on to simulate physical and natural phenomena);SLAPP;A shell shell for agent-based simulation;Using Python;From the pioneer Swarm tool;;;a publicly available framework for engineering MASs ;https://terna.github.io/SLAPP/;Yes;"Yes, available in the same repo of the current version;";https://terna.github.io/SLAPP/;Creative Commons;Yes;Coauthors and former students;"Books;Tutorials;";pietro.terna@unito.it;Python libs, list at https://github.com/terna/SLAPP3/blob/master/requirements.txt;"Yes, I performed some testing but no testing resources exist;";;OOP;Reference a https://terna.github.io/SLAPP3/SLAPP_Reference_Handbook.pdf;;yes;;;;;;;;;;;;;;;;;;;;;;;;;;;;;;;;;;;;;;https://terna.github.io/oligopoly/
13;6/16/22 12:00:17;6/16/22 12:20:33;anonymous;;Giuseppe;Vizzari;giuseppe.vizzari@unimib.it;University of Milano-Bicocca;Italy;;Agent-based simulation (you developed a MAS, or a framework/library/add-on to simulate physical and natural phenomena);Deep Q-Learning Agent for Traffic Signal Control;reinforcement learning;traffic control;agent-based simulation;;;a publicly available MAS (or set of MASs) developed using some existing framework;;;;;;;;;;;;;;;;;https://github.com/AndreaVidali/Deep-QLearning-Agent-for-Traffic-Signal-Control;Yes;"Yes, available in the same repo of the current version;";;MIT License;Some issues and responses are present;The system makes use of SUMO (Simulation of Urban MObility - https://www.dlr.de/ts/en/desktopdefault.aspx/tabid-9883/16931_read-41000/) - that is an agent based simulator, but not a MAS development plarform - for the agent's environment, but the traffic control agent is based on Python and Tensorflow.;N/A;N/A;No, the repository has been used by other researchers, and we are in the process of extending and sharing it in a different and more structured repository;"online documentation and tutorials supporting installation of the required tools and libraries;";No;;"Yes, I performed some testing but no testing resources exist;";;No;http://ceur-ws.org/Vol-2404/paper07.pdf;;;;;;;;;;;;;;;;;;;;;The main author of the work is Andrea Vidali, which developed it during his master thesis.
14;6/16/22 16:20:05;6/16/22 16:39:59;anonymous;;Samuel;Christie;schrist@ncsu.edu;North Carolina State University, Lancaster University;USA;;"Agent-oriented software engineering (you developed a MAS that is the ""real"" system, for example for implementing decision support systems/solving industrial problems/implementing smart systems, or a framework/library/add-on to develop such real MASs)";bspl;Interaction protocol adapter;Agent development framework;Verification tool;;;a publicly available framework for engineering MASs ;https://gitlab.com/masr/bspl;Yes;"Yes, available in the same repo of the current version;";;MIT;No;No;"Readme + Wiki + example projects;";No;;"Yes, I performed a systematic testing following some recognized testing methodology/approach and the testing resources (test cases, etc) are available in the public repository;";;;Bungie: Improving Fault Tolerance via Extensible Application-Level Protocols;Mandrake: multiagent systems as a basis for programming fault-tolerant decentralized applications;no;;;;;;;;;;;;;;;;;;;;;;;;;;;;;;;;;;;;;;
15;6/16/22 16:40:03;6/16/22 17:06:51;anonymous;;Samuel;Christie;schrist@ncsu.edu;North Carolina State University, Lancaster University;USA;;"Agent-oriented software engineering (you developed a MAS that is the ""real"" system, for example for implementing decision support systems/solving industrial problems/implementing smart systems, or a framework/library/add-on to develop such real MASs)";Deserv;Interaction protocol adapter;Agent development framework;AWS Lambda;Python;;a publicly available framework for engineering MASs ;https://gitlab.com/masr/deserv;Yes;"Yes, available in the same repo of the current version;";;MIT;No;No;"Readme + samples;";schrist@ncsu.edu;;"Yes, I performed a systematic testing following some recognized testing methodology/approach and the testing resources (test cases, etc) are available in the public repository;";;;Deserv: Decentralized Serverless Computing;Protocols Over Things: A Decentralized Programming Model for the Internet of Things;no;;;;;;;;;;;;;;;;;;;;;;;;;;;;;;;;;;;;;;
16;6/16/22 17:07:01;6/16/22 17:12:22;anonymous;;Samuel;Christie;schrist@ncsu.edu;North Carolina State University;USA;;"Agent-oriented software engineering (you developed a MAS that is the ""real"" system, for example for implementing decision support systems/solving industrial problems/implementing smart systems, or a framework/library/add-on to develop such real MASs)";Hercule;Declarative contract platform;Norm state computation;Unstructured data storage and processing using Hyperledger Fabric and CouchDB;;;a publicly available framework for engineering MASs ;https://gitlab.com/masr/hercule;Yes;"Yes, available in the same repo of the current version;";;MIT;No;No;"Readme + samples;";schrist@ncsu.edu;;"Yes, I performed a systematic testing following some recognized testing methodology/approach and the testing resources (test cases, etc) are available in the public repository;";;;Hercule: Representing and Reasoning About Norms as a Foundation for Declarative Contracts Over Blockchain;;no;;;;;;;;;;;;;;;;;;;;;;;;;;;;;;;;;;;;;;
17;6/21/22 23:53:15;6/22/22 0:22:12;anonymous;;Lucas;Castro;l.castropg@gmail.com;IC-UNICAMP;Brazil;A PhD Student at IC-Unicamp Brazil trying to work with Edge Computing and Multiagent Systems. Webpage: lcastropg.github.io/profile;"Agent-oriented software engineering (you developed a MAS that is the ""real"" system, for example for implementing decision support systems/solving industrial problems/implementing smart systems, or a framework/library/add-on to develop such real MASs)";MAPS-HOLO (HOLOnic MultiAgent Parking System);Holonic Multiagent System;Smart Parking;JaCaMo;;;a publicly available MAS (or set of MASs) developed using some existing framework;;;;;;;;;;;;;;;;;https://github.com/lcastropg/maps_holo;Yes;"Yes, in other locations (please report the link to them in the next question);";https://github.com/MAPS-UTFPR/MAPS;None;No;JaCaMo;http://jacamo.sourceforge.net/;0.8/9;I'm not aware;"Thesis and reports;";l.castropg@gmail.com;;"Yes, I performed a systematic testing following some recognized testing methodology/approach and the testing resources (test cases, etc) are available in the public repository;";;Prometheus;https://www.researchgate.net/profile/Lucas-Souza-De-Castro/publication/325541546_Developing_a_smart_parking_solution_based_on_a_Holonic_Multiagent_System_using_JaCaMo_Framework/links/5b1424bd0f7e9b498108db62/Developing-a-smart-parking-solution-based-on-a-Holonic-Multiagent-System-using-JaCaMo-Framework.pdf;;;;;;;;;;;;;;;;;;;;;A bigger paper is being prepared to explain further details and tests. The MAS was developed through my Masters degree. Here is the thesis link (Portuguese version - https://repositorio.utfpr.edu.br/jspui/bitstream/1/3829/1/PG_PPGCC_M_Castro%2C%20Lucas%20Fernando%20Souza%20de_2018.pdf)
18;6/22/22 15:41:14;6/22/22 16:16:44;anonymous;;Matteo;Baldoni;baldoni@di.unito.it;Università degli Studi di Torino - Dipartimento di Informatica;Italy;http://www.di.unito.it/~baldoni/;"Agent-oriented software engineering (you developed a MAS that is the ""real"" system, for example for implementing decision support systems/solving industrial problems/implementing smart systems, or a framework/library/add-on to develop such real MASs)";2COMM;2COMM is a framework for defining social relationships, represented as social commitments, among parties, conceived as autonomous agents.;2COMM allows to decouple interaction design from agent design and provides to  the agents the infrastructure to concretely instantiate and manipulate commitments within the scope of interaction protocols.;Currently, two adapters have been developed for allowing the use of 2COMM within the JADE and JaCaMo multi-agent platforms.;;;a publicly available add-on/extension/library for an existing framework for building MASs ;;;;;;;;;;;;;;;;;;;;;;;;;;;;;;;;;;;;http://di.unito.it/2comm;Yes;"No;";;Open source;No;"JADE
JaCaMo";"https://jade.tilab.com/
http://jacamo.sourceforge.net/";JADE 4.2 and JaCaMo 0.6;No;"Demos;Articles;";https://sourceforge.net/projects/twocomm/support;;"Yes, I performed some testing but no testing resources exist;";;;https://content.iospress.com/articles/fundamenta-informaticae/fi1656;https://dl.acm.org/doi/10.1145/2677206;The extension was developed and is maintained by Matteo Baldoni, Cristina Baroglio, Federico Capuzzimati, Roberto Micalizio and Stefano Tedeschi
19;6/22/22 16:17:55;6/22/22 16:39:10;anonymous;;Matteo;Baldoni;baldoni@di.unito.it;Università degli Studi di Torino - Dipartimento di Informatica;Italy;http://www.di.unito.it/~baldoni/;"Agent-oriented software engineering (you developed a MAS that is the ""real"" system, for example for implementing decision support systems/solving industrial problems/implementing smart systems, or a framework/library/add-on to develop such real MASs)";JaCaMo+Accountability;The work proposes an extension of JaCaMo with the notion of accountability, grounded on responsibility, that supports the development of robust distributed systems.;The framework allows agents in an organization to keep a right level of situational awareness, through the introduction of the means for gathering and propagating accounts, upon which actions can be taken.;The proposal is based on a formalization of accountability that encompasses both a normative and a structural dimension.;Organization designers can specify accountability agreements among role player agents, encoding when an account request is legitimate and what kind of information should be made available in response.;JaCaMo’s normative system is leveraged to enforce the accountability mechanism by relying on dedicated (accounting) goals and norms.;a publicly available add-on/extension/library for an existing framework for building MASs ;;;;;;;;;;;;;;;;;;;;;;;;;;;;;;;;;;;;http://di.unito.it/moiseaccountability;Yes;"No;";;Open source;No;JaCaMo;http://jacamo.sourceforge.net/;JaCaMo 1.0;No;"Demos;Articles;";stefano.tedeschi@unito.it;Java Development Kit, Gradle;"Yes, I performed some testing but no testing resources exist;";;;https://dl.acm.org/doi/10.5555/3463952.3463975;https://ieeexplore.ieee.org/document/9547828;The extension was developed and is maintained by Matteo Baldoni, Cristina Baroglio, Roberto Micalizio and Stefano Tedeschi
20;6/22/22 16:43:07;6/22/22 16:46:53;anonymous;;Matteo;Baldoni;baldoni@di.unito.it;Università degli Studi di Torino - Dipartimento di Informatica;Italy;http://www.di.unito.it/~baldoni/;"Agent-oriented software engineering (you developed a MAS that is the ""real"" system, for example for implementing decision support systems/solving industrial problems/implementing smart systems, or a framework/library/add-on to develop such real MASs)";JaCaMo+Exceptions;The library is an extension of Moise, the organizational model and infrastructure adopted in JaCaMo, that explicitly encompasses the notion of exception as a first-class element in the design of a multi-agent organization.;An exception handling mechanism is provided, that is seamlessly integrated with organizational concepts, such as responsibilities, goals and norms.;The infrastructure allows a designer to specify, besides responsibilities for organizational goals, also responsibilities for managing exceptions, that is, for providing feedback about the context in which exceptions occur, and for handling it.;;;a publicly available add-on/extension/library for an existing framework for building MASs ;;;;;;;;;;;;;;;;;;;;;;;;;;;;;;;;;;;;http://di.unito.it/moiseexceptions;Yes;"Yes, available in the same repo of the current version;";;Open source;No;JaCaMo;http://jacamo.sourceforge.net/;JaCaMo 1.0;No;"Demos;PhD Thesis;";https://sourceforge.net/projects/moise-exceptions/support;Java Development Kit, Gradle;"Yes, I performed some testing but no testing resources exist;";;;http://www.di.unito.it/~tedeschi/docs/Thesis_Stefano_Tedeschi-REVISED.pdf;https://dl.acm.org/doi/10.5555/3463952.3464226;The extension was developed and is maintained by Matteo Baldoni, Cristina Baroglio, Roberto Micalizio and Stefano Tedeschi
21;6/22/22 18:11:51;6/22/22 18:20:00;anonymous;;Filipe;Saraiva;saraiva@ufpa.br;UFPA Federal University of Para;Brazil;I am a professor of Computer Science in Federal University of Pará, Belém/Brazil. I am a partner with  Smart Grids Research Group from Federal University of Ceará, Fortaleza/Brazil in developing PADE, a Python Agent Development framework, created by Lucas Melo, UFC professor of Electrical Engineering. ;"Agent-oriented software engineering (you developed a MAS that is the ""real"" system, for example for implementing decision support systems/solving industrial problems/implementing smart systems, or a framework/library/add-on to develop such real MASs)";PADE Python Agent Development Framework;python;agents;reactive agents;multiagent system;;a publicly available framework for engineering MASs ;https://github.com/grei-ufc/pade;Yes;"Yes, available in the same repo of the current version;";;MIT;Yes;Some Brazilian universites like UFC, UFPA, UFSC, and UERGS.;"Developers documentation;";Not yet;The file setup.py lists the required libraries to build PADE.;"No;";;;https://doi.org/10.1002/2050-7038.12012;;no;;;;;;;;;;;;;;;;;;;;;;;;;;;;;;;;;;;;;;
22;6/27/22 11:50:10;6/27/22 11:59:28;anonymous;;Mostafa;Mohajeri Parizi;m.mohajeriparizi@uva.nl;University of Amsterdam;Netherlands;PhD candidate in the Complex Cyber-Infrastructures in UvA;Agent-based simulation (you developed a MAS, or a framework/library/add-on to simulate physical and natural phenomena);AgentScript Cross-Compiler (ASC2);BDI Framework;Agent-Based Programming;Cross-Compiler;;;a publicly available framework for engineering MASs ;https://github.com/mostafamohajeri/agentscript;Yes;"Yes, available in the same repo of the current version;";;Apache-2.0;Yes;TNO Netherlands, Asser Institute: using for system modelling (Academic level);"Manuals;";Not really, but can contact myslef;Java 11+, sbt, Scala;"Yes, I performed a systematic testing following some recognized testing methodology/approach and the testing resources (test cases, etc) are available in the public repository;";;Actor-oriented programming using AKKA + mostly agile;https://dl.acm.org/doi/abs/10.1145/3427760.3428339;https://link.springer.com/chapter/10.1007/978-3-030-97457-2_15;yes;;;;;;;;;;;;;;;;;;;;;;;;;;;;;;;;;;;;;;
23;6/27/22 17:29:58;6/27/22 17:41:26;anonymous;;Giovanni;De Gasperis;giovanni.degasperis@univaq.it;Università degli Studi dell'Aquila;Italy;Assistant Professor of Cognitive Robotics, DISIM, University of L'Aquila. https://www.disim.univaq.it/GiovanniDeGasperis ;"Agent-oriented software engineering (you developed a MAS that is the ""real"" system, for example for implementing decision support systems/solving industrial problems/implementing smart systems, or a framework/library/add-on to develop such real MASs)";DALI;DALI is Prolog extension language framework to develop Intelligent Multi Agent Systems;DALI is a meta interpreter built on top of Sicstus Prolog;DALI can be interfaced with many message broker systems for distributed application development;DALI is a logic programming agent-oriented language;DALI agents are able to learn, either via “deep” learning or by learn- ing from other trusted agents. This in order to enlarge the set of perceptions they can recognize, elaborate on and react to, and in order to expand their range of expertise.;a publicly available framework for engineering MASs ;https://github.com/AAAI-DISIM-UnivAQ/DALI;Yes;"Yes, available in the same repo of the current version;";;Apache License;Yes;SPEE Srl, L'Aquila, remote Internet of Things sensor network monitoring;"Tutorials;Demos;";giovanni.degasperis@univaq.it;Sicstus Prolog Interpreter 4.4.x;"Yes, I performed some testing but no testing resources exist;";;;https://github.com/AAAI-DISIM-UnivAQ/DALI/blob/master/docs/DALI_Language_description.pdf;https://people.disim.univaq.it/stefcost/pubbls/Dali_References.pdf;https://github.com/AAAI-DISIM-UnivAQ/ASP_DALI;;;;;;;;;;;;;;;;;;;;;;;;;;;;;;;;;;;;;;Help is needed to port the DALI framework to open source Prolog interpreters
24;6/28/22 23:51:59;6/28/22 23:58:47;anonymous;;Hadi;Hosseini;hadi@psu.edu;Pennsylvania State University;USA;https://faculty.ist.psu.edu/hadi/;It is a platform for everyday decision making as well as for education and learning of matching algorithms.;MatchU.ai;matching;resource allocation;fairness;;;a publicly available framework for engineering MASs ;http://www.matchu.ai/;Not yet, but we plan to make it available soon.;"No;";;NA;No;Many educators have contacted us expressing that they are using our platform in teaching undergrad and graduate classes.;"Manuals;";NA;;"Yes, I performed a systematic testing following some recognized testing methodology/approach but no testing resources exist;";;"Prototyping
Agile development";https://ojs.aaai.org//index.php/AAAI/article/view/7090;;no;;;;;;;;;;;;;;;;;;;;;;;;;;;;;;;;;;;;;;
25;7/4/22 10:02:09;7/4/22 10:15:27;anonymous;;Agostino;Poggi;agostino.poggi@unipr.it;;Italy;"Agostino Poggi is full professor of Computer Engineering at the Department of Engineering and Architecture of the University of Parma where he holds the courses ""Software Engineering"" and ""Distributed Systems"". He graduated with honors in Electronic Engineering in 1987 and a PhD in Computer and Electronic Engineering in 1992, both from the University of Genoa. From 1993 to 1998 he was researcher at the Department of Information Engineering of the University of Parma and from 1998 to 2001 he was associate professor at the same department. His research focuses on agents, web and object-oriented technologies and their use to develop distributed and complex systems. In these research areas he has been and is involved in both national and international projects, coordinating the research of his Department within various projects funded by public and private bodies";"Agent-oriented software engineering (you developed a MAS that is the ""real"" system, for example for implementing decision support systems/solving industrial problems/implementing smart systems, or a framework/library/add-on to develop such real MASs)";JADE;JADE (Java Agent Development Framework) is a software framework to make easy the development of multi-agent applications in compliance with the FIPA specifications. JADE can then be considered a middle-ware that implements an efficient agent platform and supports the development of multi agent systems. JADE agent platform tries to keep high the performance of a distributed agent system implemented with the Java language.; ; ;;;a publicly available framework for engineering MASs ;https://jade.tilab.com/download/jade/;Yes;"Yes, available in the same repo of the current version;";;GNU LESSER GENERAL PUBLIC LICENSE;Partially;Yes;"Tutorials;Manuals;Books;";No;Yes;"Telecom Italia did tests;";No;Partially;Developing multi-agent systems with a FIPA-compliant agent framework. Fabio Bellifemine, Agostino Poggi and Giovanni Rimassa - Software practice & Experience;JADE: A software framework for developing multi-agent applications. Lessons learned F Bellifemine, G Caire, A Poggi, G Rimassa Information and Software technology 50 (1-2), 10-21;Several papers describe Jade;;;;;;;;;;;;;;;;;;;;;;;;;;;;;;;;;;;;;;
26;7/6/22 17:00:53;7/6/22 17:12:47;anonymous;;Edmund;Durfee;durfee@umich.edu;University of Michigan;United States;https://durfee.engin.umich.edu/;"Agent-oriented software engineering (you developed a MAS that is the ""real"" system, for example for implementing decision support systems/solving industrial problems/implementing smart systems, or a framework/library/add-on to develop such real MASs)";AdaptSchedule;Distributed constraint satisfaction;Activity scheduling;Decision support;;;a publicly available MAS (or set of MASs) developed using some existing framework;;;;;;;;;;;;;;;;;https://github.com/EdDurfee/adaptSchedule;Yes;"No;";;open source;Yes;None;None;None;No;"Videos;Papers;";No;;"Yes, I performed some testing but no testing resources exist;";;;4.	Edmund H. Durfee, Lynn H. Garrett, and Abigail Johnson. “Promoting Independence with a Schedule Management Assistant that Anticipates Disruptions,” Journal of Healthcare Informatics Research 4:19-49, 2020.;;;;;;;;;;;;;;;;;;;;;
27;8/8/22 14:40:39;8/8/22 14:57:33;anonymous;;Jomi;Hubner;jomi.hubner@ufsc.br;UFSC;Brazil;https://jomifred.github.io;"Agent-oriented software engineering (you developed a MAS that is the ""real"" system, for example for implementing decision support systems/solving industrial problems/implementing smart systems, or a framework/library/add-on to develop such real MASs)";JaCaMo;Development framework for MAS;considers agent, communication, environment, and organisation dimensions;Jason, Cartago, Moise;;;a publicly available framework for engineering MASs ;http://jacamo.sourceforge.net;Yes;"Yes, available in the same repo of the current version;";https://github.com/jacamo-lang/jacamo;GNU LESSER GENERAL PUBLIC LICENSE;Yes;As far as we know, JaCaMo is mostly used by scientists now. Regarding Jason (which is part of JaCaMo), a list of users is available at http://jason.sourceforge.net/wp/projects/;"Books;Demos;Courses;";we have community based support, mostly based on the GitHub issues;java is required;"Yes, I performed a systematic testing following some recognized testing methodology/approach and the testing resources (test cases, etc) are available in the public repository;";we use JUnit for automatic test. For JaCaMo we have a few test, but for Jason we have 320 test.;nothing remarkable.;Olivier Boissier, Rafael H. Bordini, Jomi Hübner, and Alessandro Ricci. Multi-Agent Oriented Programming: Programming Multi-Agent Systems Using JaCaMo. MIT Press, 2020. ;Olivier Boissier, Rafael H. Bordini, Jomi F. Hübner, and Alessandro Ricci. Dimensions in programming multi-agent systems. The Knowledge Engineering Review, 34, 2019. ;no;;;;;;;;;;;;;;;;;;;;;;;;;;;;;;;;;;;;;;
28;8/22/22 12:01:25;8/22/22 12:27:17;anonymous;;Juan C.;Burguillo;J.C.Burguillo@uvigo.es;University of Vigo;Spain;https://sites.google.com/site/jcburgui2?authuser=0;Agent-based simulation (you developed a MAS, or a framework/library/add-on to simulate physical and natural phenomena);CellNet;Java framework for simulating complex adaptive systems by means of multi-agent systems.;Simulations consider the use of serveral models, including evolutionary game theory, self-organization and cellular automata.;Simulation also consider the use of complex networks, including: spatial, small-world, scale-free and random nets.;;;a publicly available framework for engineering MASs ;https://github.com/jcburguillo/CellNet;Yes;"Yes, available in the same repo of the current version;";;GNU LESSER GENERAL PUBLIC LICENSE;No;By now, just a few researchers and postdocs.;"Tutorials;";https://github.com/jcburguillo;Self-contained;"Yes, I performed some testing but no testing resources exist;";;AGILE;Juan C. Burguillo. Self-organizing Coalitions for Managing Complexity. In Emergence, Complexity and Computationbook series (ECC, volume 29). Editorial Springer Nature, 1st ed. 2018. Available at: https://www.google.com/url?q=https%3A%2F%2Fwww.dpbolvw.net%2Fclick-8725405-12898971%3Furl%3Dhttps%253A%252F%252Fwww.springer.com%252Fgp%252Fbook%252F9783319698960&sa=D&sntz=1&usg=AOvVaw04mS6_Qh99p8cnQxTH0kEi;;yes;;;;;;;;;;;;;;;;;;;;;;;;;;;;;;;;;;;;;;The framework includes the simulations described in the book.
